
INSERT INTO `admins` (`id`, `name`, `email`, `phone`, `profession`, `address`, `birthdate`, `age`, `password`, `is_super`, `remember_token`, `created_at`, `updated_at`) VALUES
(1, 'Admin', 'admin@admin.com', '01521461643', 'Admin', 'Dhaka', '1986-01-01', '12773', '$2y$10$ZXUXiRylsEOoB8qP7nZb5OZwoZYV0wvnXVqsXYb6B/TguKQUM0ZAi', 0, NULL, '2020-12-20 04:03:44', '2020-12-20 04:03:44');


INSERT INTO `roles` (`id`, `name`, `description`, `created_at`, `updated_at`) VALUES
(1, 'Student', 'This role is for student', NULL, NULL),
(2, 'Teacher', 'This role is for teacher', NULL, NULL),
(3, 'Content Developer', 'This role is for content developer', NULL, NULL);




INSERT INTO `permissions` (`id`, `name`, `key`, `controller`, `method`, `created_at`, `updated_at`) VALUES
(1, NULL, NULL, 'Facade\\Ignition\\Http\\Controllers\\HealthCheckController', 'Facade\\Ignition\\Http\\Controllers\\HealthCheckController', '2020-12-18 20:43:33', '2020-12-18 20:43:33'),
(2, NULL, NULL, 'Facade\\Ignition\\Http\\Controllers\\ExecuteSolutionController', 'Facade\\Ignition\\Http\\Controllers\\ExecuteSolutionController', '2020-12-18 20:43:33', '2020-12-18 20:43:33'),
(3, NULL, NULL, 'Facade\\Ignition\\Http\\Controllers\\ShareReportController', 'Facade\\Ignition\\Http\\Controllers\\ShareReportController', '2020-12-18 20:43:33', '2020-12-18 20:43:33'),
(4, NULL, NULL, 'Facade\\Ignition\\Http\\Controllers\\ScriptController', 'Facade\\Ignition\\Http\\Controllers\\ScriptController', '2020-12-18 20:43:33', '2020-12-18 20:43:33'),
(5, NULL, NULL, 'Facade\\Ignition\\Http\\Controllers\\StyleController', 'Facade\\Ignition\\Http\\Controllers\\StyleController', '2020-12-18 20:43:33', '2020-12-18 20:43:33'),
(6, NULL, NULL, 'Closure', 'Closure', '2020-12-18 20:43:33', '2020-12-18 20:43:33'),
(7, NULL, NULL, 'App\\Http\\Controllers\\Auth\\LoginController', 'showLoginForm', '2020-12-18 20:43:33', '2020-12-18 20:43:33'),
(8, NULL, NULL, 'App\\Http\\Controllers\\Auth\\LoginController', 'login', '2020-12-18 20:43:33', '2020-12-18 20:43:33'),
(9, NULL, NULL, 'App\\Http\\Controllers\\Auth\\LoginController', 'logout', '2020-12-18 20:43:33', '2020-12-18 20:43:33'),
(10, NULL, NULL, 'App\\Http\\Controllers\\Auth\\RegisterController', 'showRegistrationForm', '2020-12-18 20:43:33', '2020-12-18 20:43:33'),
(11, NULL, NULL, 'App\\Http\\Controllers\\Auth\\RegisterController', 'register', '2020-12-18 20:43:33', '2020-12-18 20:43:33'),
(12, NULL, NULL, 'App\\Http\\Controllers\\Auth\\ForgotPasswordController', 'showLinkRequestForm', '2020-12-18 20:43:34', '2020-12-18 20:43:34'),
(13, NULL, NULL, 'App\\Http\\Controllers\\Auth\\ForgotPasswordController', 'sendResetLinkEmail', '2020-12-18 20:43:34', '2020-12-18 20:43:34'),
(14, NULL, NULL, 'App\\Http\\Controllers\\Auth\\ResetPasswordController', 'showResetForm', '2020-12-18 20:43:34', '2020-12-18 20:43:34'),
(15, NULL, NULL, 'App\\Http\\Controllers\\Auth\\ResetPasswordController', 'reset', '2020-12-18 20:43:34', '2020-12-18 20:43:34'),
(16, NULL, NULL, 'App\\Http\\Controllers\\Auth\\ConfirmPasswordController', 'showConfirmForm', '2020-12-18 20:43:34', '2020-12-18 20:43:34'),
(17, NULL, NULL, 'App\\Http\\Controllers\\Auth\\ConfirmPasswordController', 'confirm', '2020-12-18 20:43:34', '2020-12-18 20:43:34'),
(18, NULL, NULL, 'App\\Http\\Controllers\\Auth\\LoginController', 'showAdminLoginForm', '2020-12-18 20:43:34', '2020-12-18 20:43:34'),
(19, NULL, NULL, 'App\\Http\\Controllers\\Auth\\RegisterController', 'showAdminRegisterForm', '2020-12-18 20:43:34', '2020-12-18 20:43:34'),
(20, NULL, NULL, 'App\\Http\\Controllers\\Auth\\LoginController', 'adminLogin', '2020-12-18 20:43:34', '2020-12-18 20:43:34'),
(21, NULL, NULL, 'App\\Http\\Controllers\\Auth\\RegisterController', 'createAdmin', '2020-12-18 20:43:34', '2020-12-18 20:43:34'),
(22, NULL, NULL, 'App\\Http\\Controllers\\HomeController', 'index', '2020-12-18 20:43:34', '2020-12-18 20:43:34'),
(23, 'Show all role', NULL, 'App\\Http\\Controllers\\RoleController', 'index', '2020-12-18 20:43:34', '2020-12-18 20:43:34'),
(24, 'Show role create form', NULL, 'App\\Http\\Controllers\\RoleController', 'create', '2020-12-18 20:43:34', '2020-12-18 20:43:34'),
(25, 'Store new role', NULL, 'App\\Http\\Controllers\\RoleController', 'store', '2020-12-18 20:43:34', '2020-12-18 20:43:34'),
(26, 'Show single role', NULL, 'App\\Http\\Controllers\\RoleController', 'show', '2020-12-18 20:43:34', '2020-12-18 20:43:34'),
(27, 'Show role update form', NULL, 'App\\Http\\Controllers\\RoleController', 'edit', '2020-12-18 20:43:34', '2020-12-18 20:43:34'),
(28, 'Update role', NULL, 'App\\Http\\Controllers\\RoleController', 'update', '2020-12-18 20:43:34', '2020-12-18 20:43:34'),
(29, 'Delete role', NULL, 'App\\Http\\Controllers\\RoleController', 'destroy', '2020-12-18 20:43:34', '2020-12-18 20:43:34'),
(30, 'Show all resource', NULL, 'App\\Http\\Controllers\\ResourceController', 'index', '2020-12-18 20:43:34', '2020-12-18 20:43:34'),
(31, 'Show resource create form', NULL, 'App\\Http\\Controllers\\ResourceController', 'create', '2020-12-18 20:43:34', '2020-12-18 20:43:34'),
(32, 'Store new resource materials', NULL, 'App\\Http\\Controllers\\ResourceController', 'store', '2020-12-18 20:43:34', '2020-12-18 20:43:34'),
(33, 'Show single resource', NULL, 'App\\Http\\Controllers\\ResourceController', 'show', '2020-12-18 20:43:34', '2020-12-18 20:43:34'),
(34, 'Show resource update form', NULL, 'App\\Http\\Controllers\\ResourceController', 'edit', '2020-12-18 20:43:34', '2020-12-18 20:43:34'),
(35, 'Update resource', NULL, 'App\\Http\\Controllers\\ResourceController', 'update', '2020-12-18 20:43:35', '2020-12-18 20:43:35'),
(36, 'Delete resource', NULL, 'App\\Http\\Controllers\\ResourceController', 'destroy', '2020-12-18 20:43:35', '2020-12-18 20:43:35'),
(37, NULL, NULL, '\\Illuminate\\Routing\\ViewController', '\\Illuminate\\Routing\\ViewController', '2020-12-18 20:43:35', '2020-12-18 20:43:35'),
(38, 'Show all subjects', NULL, 'App\\Http\\Controllers\\SubjectController', 'index', '2020-12-18 20:43:35', '2020-12-18 20:43:35'),
(39, 'Show subject create form', NULL, 'App\\Http\\Controllers\\SubjectController', 'create', '2020-12-18 20:43:35', '2020-12-18 20:43:35'),
(40, 'Store new subject', NULL, 'App\\Http\\Controllers\\SubjectController', 'store', '2020-12-18 20:43:35', '2020-12-18 20:43:35'),
(41, 'Show single subject', NULL, 'App\\Http\\Controllers\\SubjectController', 'show', '2020-12-18 20:43:35', '2020-12-18 20:43:35'),
(42, 'Show subject edit form', NULL, 'App\\Http\\Controllers\\SubjectController', 'edit', '2020-12-18 20:43:35', '2020-12-18 20:43:35'),
(43, 'Update subject', NULL, 'App\\Http\\Controllers\\SubjectController', 'update', '2020-12-18 20:43:35', '2020-12-18 20:43:35'),
(44, 'Delete subject', NULL, 'App\\Http\\Controllers\\SubjectController', 'destroy', '2020-12-18 20:43:35', '2020-12-18 20:43:35'),
(52, 'Show subject wise topics', NULL, 'App\\Http\\Controllers\\SubjectController', 'topics', '2020-12-18 20:43:36', '2020-12-18 20:43:36'),
(53, 'Show topic wise learning materials', NULL, 'App\\Http\\Controllers\\TopicController', 'learn', '2020-12-18 20:43:36', '2020-12-18 20:43:36'),
(54, 'Show all learning materials', NULL, 'App\\Http\\Controllers\\LearnController', 'index', '2020-12-18 20:43:36', '2020-12-18 20:43:36'),
(55, 'Show learning material create form', NULL, 'App\\Http\\Controllers\\LearnController', 'create', '2020-12-18 20:43:36', '2020-12-18 20:43:36'),
(56, 'Store new learning material', NULL, 'App\\Http\\Controllers\\LearnController', 'store', '2020-12-18 20:43:36', '2020-12-18 20:43:36'),
(57, 'Show single learning material', NULL, 'App\\Http\\Controllers\\LearnController', 'show', '2020-12-18 20:43:36', '2020-12-18 20:43:36'),
(58, 'Show learning materials update form', NULL, 'App\\Http\\Controllers\\LearnController', 'edit', '2020-12-18 20:43:36', '2020-12-18 20:43:36'),
(59, 'Update learning materials', NULL, 'App\\Http\\Controllers\\LearnController', 'update', '2020-12-18 20:43:36', '2020-12-18 20:43:36'),
(60, 'Delete learning materials', NULL, 'App\\Http\\Controllers\\LearnController', 'destroy', '2020-12-18 20:43:36', '2020-12-18 20:43:36'),
(61, 'Show all contents', NULL, 'App\\Http\\Controllers\\ContentController', 'index', '2020-12-18 20:43:36', '2020-12-18 20:43:36'),
(62, 'Show content create form', NULL, 'App\\Http\\Controllers\\ContentController', 'create', '2020-12-18 20:43:36', '2020-12-18 20:43:36'),
(63, 'Store new content', NULL, 'App\\Http\\Controllers\\ContentController', 'store', '2020-12-18 20:43:36', '2020-12-18 20:43:36'),
(64, 'Show single content', NULL, 'App\\Http\\Controllers\\ContentController', 'show', '2020-12-18 20:43:36', '2020-12-18 20:43:36'),
(65, 'Show content update form', NULL, 'App\\Http\\Controllers\\ContentController', 'edit', '2020-12-18 20:43:36', '2020-12-18 20:43:36'),
(66, 'Update content', NULL, 'App\\Http\\Controllers\\ContentController', 'update', '2020-12-18 20:43:36', '2020-12-18 20:43:36'),
(67, 'Delete content', NULL, 'App\\Http\\Controllers\\ContentController', 'destroy', '2020-12-18 20:43:36', '2020-12-18 20:43:36'),
(68, 'Show all resources for teacher', NULL, 'App\\Http\\Controllers\\ResourceController', 'teacherResourceAll', '2020-12-18 20:43:36', '2020-12-18 20:43:36'),
(69, 'Show single resource for teacher', NULL, 'App\\Http\\Controllers\\ResourceController', 'teacherResourceSingle', '2020-12-18 20:43:36', '2020-12-18 20:43:36'),
(70, 'Show own teacher profile', NULL, 'App\\Http\\Controllers\\TeacherProfileController', 'index', '2020-12-18 20:43:36', '2020-12-18 20:43:36'),
(71, 'Create new teacher profile', NULL, 'App\\Http\\Controllers\\TeacherProfileController', 'create', '2020-12-18 20:43:36', '2020-12-18 20:43:36'),
(72, 'Store teacher profile', NULL, 'App\\Http\\Controllers\\TeacherProfileController', 'store', '2020-12-18 20:43:36', '2020-12-18 20:43:36'),
(73, 'Show others teacher profile', NULL, 'App\\Http\\Controllers\\TeacherProfileController', 'show', '2020-12-18 20:43:36', '2020-12-18 20:43:36'),
(74, 'Show teacher profile edit form', NULL, 'App\\Http\\Controllers\\TeacherProfileController', 'edit', '2020-12-18 20:43:36', '2020-12-18 20:43:36'),
(75, 'Update teacher profile', NULL, 'App\\Http\\Controllers\\TeacherProfileController', 'update', '2020-12-18 20:43:37', '2020-12-18 20:43:37'),
(76, NULL, NULL, 'App\\Http\\Controllers\\TeacherProfileController', 'destroy', '2020-12-18 20:43:37', '2020-12-18 20:43:37'),
(77, 'Show own student profile', NULL, 'App\\Http\\Controllers\\StudentProfileController', 'index', '2020-12-18 20:43:37', '2020-12-18 20:43:37'),
(78, 'Show student profile create form', NULL, 'App\\Http\\Controllers\\StudentProfileController', 'create', '2020-12-18 20:43:37', '2020-12-18 20:43:37'),
(79, 'Store new student profile', NULL, 'App\\Http\\Controllers\\StudentProfileController', 'store', '2020-12-18 20:43:37', '2020-12-18 20:43:37'),
(80, 'Show others student profile', NULL, 'App\\Http\\Controllers\\StudentProfileController', 'show', '2020-12-18 20:43:37', '2020-12-18 20:43:37'),
(81, 'Show student profile edit form', NULL, 'App\\Http\\Controllers\\StudentProfileController', 'edit', '2020-12-18 20:43:37', '2020-12-18 20:43:37'),
(82, 'Update student profile', NULL, 'App\\Http\\Controllers\\StudentProfileController', 'update', '2020-12-18 20:43:37', '2020-12-18 20:43:37'),
(83, NULL, NULL, 'App\\Http\\Controllers\\StudentProfileController', 'destroy', '2020-12-18 20:43:37', '2020-12-18 20:43:37'),
(84, 'Show own content developer profile', NULL, 'App\\Http\\Controllers\\ContentDeveloperProfileController', 'index', '2020-12-18 21:48:16', '2020-12-18 21:48:16'),
(85, 'Show content developer profile create form', NULL, 'App\\Http\\Controllers\\ContentDeveloperProfileController', 'create', '2020-12-18 21:48:16', '2020-12-18 21:48:16'),
(86, 'Store new content developer profile', NULL, 'App\\Http\\Controllers\\ContentDeveloperProfileController', 'store', '2020-12-18 21:48:16', '2020-12-18 21:48:16'),
(87, 'Show other content developer profile', NULL, 'App\\Http\\Controllers\\ContentDeveloperProfileController', 'show', '2020-12-18 21:48:16', '2020-12-18 21:48:16'),
(88, 'Show content developer profile edit form', NULL, 'App\\Http\\Controllers\\ContentDeveloperProfileController', 'edit', '2020-12-18 21:48:16', '2020-12-18 21:48:16'),
(89, 'Update content developer profile', NULL, 'App\\Http\\Controllers\\ContentDeveloperProfileController', 'update', '2020-12-18 21:48:16', '2020-12-18 21:48:16'),
(90, NULL, NULL, 'App\\Http\\Controllers\\ContentDeveloperProfileController', 'destroy', '2020-12-18 21:48:16', '2020-12-18 21:48:16'),
(91, NULL, NULL, 'App\\Http\\Controllers\\QuestionController', 'store', '2020-12-23 08:47:48', '2020-12-23 08:47:48'),
(92, 'Delete Topic', NULL, 'App\\Http\\Controllers\\TopicController', 'destroy', '2020-12-23 08:47:49', '2020-12-23 08:47:49'),
(93, 'Create Question', NULL, 'App\\Http\\Controllers\\QuestionController', 'create', '2020-12-23 08:47:49', '2020-12-23 08:47:49'),
(94, 'Edit Question', NULL, 'App\\Http\\Controllers\\QuestionController', 'edit', '2020-12-23 09:16:21', '2020-12-23 09:16:21'),
(95, NULL, NULL, 'App\\Http\\Controllers\\QuestionController', 'update', '2020-12-23 11:56:46', '2020-12-23 11:56:46'),
(96, 'Delete Question', NULL, 'App\\Http\\Controllers\\QuestionController', 'destroy', '2020-12-24 16:54:31', '2020-12-24 16:54:31'),
(97, 'View Learn wise questions', NULL, 'App\\Http\\Controllers\\QuestionController', 'show', '2020-12-25 14:21:33', '2020-12-25 14:21:33'),
(98, NULL, NULL, 'App\\Http\\Controllers\\QuestionController', 'retrive', '2021-01-30 13:20:01', '2021-01-30 13:20:01'),
(99, NULL, NULL, 'App\\Http\\Controllers\\AnswerController', 'store', '2021-01-30 13:20:01', '2021-01-30 13:20:01'),
(101, 'See al answer scripts', NULL, 'App\\Http\\Controllers\\AnswerController', 'review_answers', '2021-01-30 13:52:45', '2021-01-30 13:52:45'),
(102, 'See specific answer script', NULL, 'App\\Http\\Controllers\\AnswerController', 'answer_scripts', '2021-01-30 13:52:45', '2021-01-30 13:52:45'),
(103, NULL, NULL, 'App\\Http\\Controllers\\AnswerController', 'update', '2021-02-08 09:48:24', '2021-02-08 09:48:24'),
(104, '(Student)subscribe subjects', NULL, 'App\\Http\\Controllers\\SubjectController', 'subscribe', '2021-02-09 20:31:25', '2021-02-09 20:31:25'),
(105, '(student) show subscribed subjects', NULL, 'App\\Http\\Controllers\\SubjectController', 'subscribed', '2021-02-10 21:03:45', '2021-02-10 21:03:45');



INSERT INTO `permission_role` (`id`, `permission_id`, `role_id`, `created_at`, `updated_at`) VALUES
(2, 52, 1, NULL, NULL),
(3, 53, 1, NULL, NULL),
(4, 77, 1, NULL, NULL),
(5, 78, 1, NULL, NULL),
(6, 79, 1, NULL, NULL),
(7, 81, 1, NULL, NULL),
(8, 82, 1, NULL, NULL),
(9, 38, 2, NULL, NULL),
(10, 39, 2, NULL, NULL),
(11, 40, 2, NULL, NULL),
(12, 41, 2, NULL, NULL),
(13, 42, 2, NULL, NULL),
(14, 43, 2, NULL, NULL),
(15, 44, 2, NULL, NULL),
(23, 52, 2, NULL, NULL),
(24, 53, 2, NULL, NULL),
(25, 54, 2, NULL, NULL),
(26, 55, 2, NULL, NULL),
(27, 56, 2, NULL, NULL),
(28, 57, 2, NULL, NULL),
(29, 58, 2, NULL, NULL),
(30, 59, 2, NULL, NULL),
(31, 60, 2, NULL, NULL),
(32, 61, 2, NULL, NULL),
(33, 62, 2, NULL, NULL),
(34, 63, 2, NULL, NULL),
(35, 64, 2, NULL, NULL),
(36, 65, 2, NULL, NULL),
(37, 66, 2, NULL, NULL),
(38, 67, 2, NULL, NULL),
(39, 68, 2, NULL, NULL),
(40, 69, 2, NULL, NULL),
(41, 70, 2, NULL, NULL),
(42, 71, 2, NULL, NULL),
(43, 72, 2, NULL, NULL),
(44, 73, 2, NULL, NULL),
(45, 74, 2, NULL, NULL),
(46, 75, 2, NULL, NULL),
(48, 61, 3, NULL, NULL),
(49, 64, 3, NULL, NULL),
(50, 84, 3, NULL, NULL),
(51, 85, 3, NULL, NULL),
(52, 86, 3, NULL, NULL),
(53, 88, 3, NULL, NULL),
(54, 89, 3, NULL, NULL),
(55, 92, 2, NULL, NULL),
(56, 93, 2, NULL, NULL),
(57, 94, 2, NULL, NULL),
(58, 96, 2, NULL, NULL),
(59, 97, 1, NULL, NULL),
(60, 97, 2, NULL, NULL),
(62, 101, 2, NULL, NULL),
(63, 102, 2, NULL, NULL),
(64, 104, 1, NULL, NULL),
(65, 105, 1, NULL, NULL);



INSERT INTO `users` (`id`, `name`, `email`, `phone`, `profession`, `address`, `birthdate`, `age`, `email_verified_at`, `password`, `remember_token`, `role_id`, `created_at`, `updated_at`) VALUES
(3, 's1', 's1@student.com', '01234567891', 'Student', 'Dhaka', '2021-02-01', '9', NULL, '$2y$10$TkMtb2rNU0apiRbK4fylpO8AoMqZYHQGNw3eCaOk73YGjdsaomYt2', NULL, 1, '2021-02-09 20:35:11', '2021-02-09 20:35:11'),
(4, 't1', 't1@teacher.com', '01234567890', 'Teacher', 'Dhaka', '2021-02-01', '9', NULL, '$2y$10$oxE6NGWf..f0DK6F3YBj7usuSm4RxDERYN3gBgpYe2/0F6/Sk/FAK', NULL, 2, '2021-02-09 20:35:49', '2021-02-09 20:35:49'),
(5, 's2', 's2@student.com', '01234567895', 'Student', 'Dhaka', '2021-02-01', '12', NULL, '$2y$10$DKYjeyVgdDaR8d7wTXQ.OuxnprBOnILakHIjgjEzhGxWM4RaOWuru', NULL, 1, '2021-02-12 21:24:35', '2021-02-12 21:24:35'),
(6, 's3', 's3@student.com', '01234567897', 'Student', 'Dhaka', '2021-02-01', '12', NULL, '$2y$10$p5zM5LqUJKbPx4EDIP3Bnu5WBocoHOcHueClnBbwtin1N61YyDsQW', NULL, 1, '2021-02-12 21:28:07', '2021-02-12 21:28:07');
